{"cameraMode":{"drawMode":0,"name":"Shaded","section":"Shading Mode"},"sceneLighting":false,"audioPlay":false,"sceneViewState":{"showFog":true,"showMaterialUpdate":false,"showSkybox":false,"showFlares":true,"showImageEffects":true,"showParticleSystems":true},"in2DMode":false,"pivot":{"x":0.6049187183380127,"y":7.999999523162842,"z":-0.049774620682001117},"rotation":{"x":0.18771114945411683,"y":0.04124041646718979,"z":-0.007888639345765114,"w":0.9813265204429627},"size":12.893798828125,"orthographic":true}