{"cameraMode":{"drawMode":0,"name":"Shaded","section":"Shading Mode"},"sceneLighting":false,"audioPlay":false,"sceneViewState":{"showFog":true,"showMaterialUpdate":false,"showSkybox":false,"showFlares":true,"showImageEffects":true,"showParticleSystems":true},"in2DMode":false,"pivot":{"x":0.024702072143554689,"y":0.07223987579345703,"z":2.2334861755371095},"rotation":{"x":0.2420669049024582,"y":-0.005821518134325743,"z":0.0014524181606248022,"w":0.970241129398346},"size":12.7158203125,"orthographic":false}