{"cameraMode":{"drawMode":0,"name":"Shaded","section":"Shading Mode"},"sceneLighting":false,"audioPlay":false,"sceneViewState":{"showFog":true,"showMaterialUpdate":false,"showSkybox":false,"showFlares":true,"showImageEffects":true,"showParticleSystems":true},"in2DMode":false,"pivot":{"x":-1.874211311340332,"y":-9.423315048217774,"z":-9.27133560180664},"rotation":{"x":-0.33137470483779909,"y":0.01612955518066883,"z":-0.00566626014187932,"w":-0.9433475136756897},"size":25.37790298461914,"orthographic":false}